{
  "audio_samples": 28900,
  "mel_shape": [
    179,
    128
  ],
  "mel_mean": -2.9518094062805176,
  "mel_min": -6.907755374908447,
  "mel_max": 1.3958615064620972,
  "frame0_first10": [
    -4.612772464752197,
    -4.013011455535889,
    -3.0611135959625244,
    -2.4860939979553223,
    -2.137922763824463,
    -1.9423656463623047,
    -1.8679275512695312,
    -1.8952252864837646,
    -2.004528760910034,
    -2.173081874847412
  ],
  "frame50_first10": [
    -3.6998212337493896,
    -2.3662607669830322,
    -1.6050574779510498,
    -1.0926921367645264,
    -0.7521631717681885,
    -0.5665971636772156,
    -0.5547928214073181,
    -0.7913676500320435,
    -1.4212982654571533,
    -1.1468344926834106
  ],
  "frame100_first10": [
    -2.513362169265747,
    -2.4027347564697266,
    -2.397953987121582,
    -2.5210695266723633,
    -2.6014769077301025,
    -2.3490707874298096,
    -1.9651646614074707,
    -1.696577548980713,
    -1.5731300115585327,
    -1.5714877843856812
  ]
}