{
  "mel_shape": [
    184,
    128
  ],
  "mel_mean": -3.0322768688201904,
  "encoder_output_shape": [
    1,
    46,
    1536
  ],
  "encoder_output_mean": 0.04986444488167763,
  "encoder_output_std": 5.649393558502197,
  "encoder_output_first10": [
    4.045409202575684,
    -2.060725212097168,
    2.5185863971710205,
    10.411222457885742,
    3.6431572437286377,
    11.338699340820312,
    9.948755264282227,
    6.3267130851745605,
    31.887981414794922,
    1.3294682502746582
  ],
  "embed_audio_shape": [
    1,
    46,
    1536
  ],
  "embed_audio_mean": -0.07895700633525848,
  "embed_audio_std": 2.6664505004882812,
  "embed_audio_first10": [
    2.1431689262390137,
    -1.0914394855499268,
    0.0269180815666914,
    -1.632118582725525,
    -3.4613196849823,
    0.4608064293861389,
    0.2948112487792969,
    0.0961121916770935,
    0.0013286544708535075,
    -0.1860201358795166
  ]
}